index,case_id,gold_label,raw_precision_percent,raw_recall_percent,raw_f1_percent,raw_detect,raw_predicted_hallucination,raw_spans_console,dual_precision_percent,dual_recall_percent,dual_f1_percent,dual_detect,dual_predicted_hallucination,dual_spans_console,running_raw_micro_f1_percent,running_dual_micro_f1_percent
1,13433,clean,100.0,100.0,100.0,OK,False,[none],100.0,100.0,100.0,OK,False,[none],100.0,100.0
2,17280,clean,100.0,100.0,100.0,OK,False,[none],100.0,100.0,100.0,OK,False,[none],100.0,100.0
3,15458,clean,0.0,0.0,0.0,MISS,True,[530:541] 'distinctive' (unsupported),100.0,100.0,100.0,OK,False,[none],0.0,100.0
4,16933,clean,100.0,100.0,100.0,OK,False,[none],100.0,100.0,100.0,OK,False,[none],0.0,100.0
5,14510,clean,100.0,100.0,100.0,OK,False,[none],100.0,100.0,100.0,OK,False,[none],0.0,100.0
6,14282,clean,0.0,0.0,0.0,MISS,True,[0:41] 'Unable to answer based on given passages.' (contradiction),100.0,100.0,100.0,OK,False,[none],0.0,100.0
7,14099,clean,100.0,100.0,100.0,OK,False,[none],100.0,100.0,100.0,OK,False,[none],0.0,100.0
8,13039,clean,0.0,0.0,0.0,MISS,True,"[117:156] 'tap on Storage, then Factory data reset' (unsupported)",100.0,100.0,100.0,OK,False,[none],0.0,100.0
9,12133,clean,0.0,0.0,0.0,MISS,True,"[206:217] 'Optionally,' (unsupported)",100.0,100.0,100.0,OK,False,[none],0.0,100.0
10,12216,clean,100.0,100.0,100.0,OK,False,[none],100.0,100.0,100.0,OK,False,[none],0.0,100.0
11,15485,hallucinated,65.22,46.05,53.98,OK,True,"[155:211] 'does not support or condone the use of third-party apps,' (unsupported); [625:645] 'change your password' (unsupported); [675:713] 'the latest version of the Snapchat app' (unsupported); [787:834] 'contact Snapchat support for further assistance' (unsupported)",0.0,0.0,0.0,MISS,False,[none],42.77,0.0
12,14052,clean,100.0,100.0,100.0,OK,False,[none],100.0,100.0,100.0,OK,False,[none],42.77,0.0
13,13915,clean,100.0,100.0,100.0,OK,False,[none],100.0,100.0,100.0,OK,False,[none],42.77,0.0
14,12604,clean,0.0,0.0,0.0,MISS,True,"[96:110] 'or ""harvester""' (contradiction); [126:153] 'In Greek, it means ""reaper""' (unsupported)",0.0,0.0,0.0,MISS,True,"[99:110] '""harvester""' (unsupported)",39.47,0.0
15,12067,clean,100.0,100.0,100.0,OK,False,[none],100.0,100.0,100.0,OK,False,[none],39.47,0.0
16,15556,hallucinated,39.27,74.69,51.48,OK,True,"[248:255] 'customs' (unsupported); [610:617] 'customs' (unsupported); [707:749] 'German history, traditions, and daily life' (unsupported); [926:972] 'Berlin, Munich, Cologne, and the Bavarian Alps' (unsupported); [989:1084] 'best times to visit Germany, considering factors such as weather, festivals, and touris...' (unsupported); [1164:1180] 'vacation rentals' (unsupported); ... +5 more",54.4,98.37,70.06,OK,True,"[892:973] 'Some popular destinations include Berlin, Munich, Cologne, and the Bavarian Alps.' (unsupported); [976:1085] 'Research the best times to visit Germany, considering factors such as weather, festival...' (unsupported); [1088:1181] 'Look into different types of accommodations, including hotels, hostels, and vacation re...' (unsupported); [1433:1497] 'Pack appropriately for the season and activities you plan to do.' (unsupported); [1498:1546] ""Don't forget to bring comfortable walking shoes,"" (unsupported); [1547:1595] 'as many German cities are best explored on foot.' (unsupported)",46.34,52.0
17,16663,clean,0.0,0.0,0.0,MISS,True,[213:226] 'work remotely' (unsupported),0.0,0.0,0.0,MISS,True,[213:226] 'work remotely' (unsupported),45.86,51.28
18,12046,hallucinated,41.72,94.44,57.87,OK,True,[492:560] 'Cook the Porterhouse until it reaches your desired level of doneness' (unsupported); [573:668] 'the passages do not provide specific temperature or time guidelines for cooking the Por...' (unsupported),0.0,0.0,0.0,MISS,False,[none],47.75,47.63
19,15102,clean,0.0,0.0,0.0,MISS,True,[36:77] 'first determine the extent of the tarnish' (unsupported),100.0,100.0,100.0,OK,False,[none],46.48,47.63
20,14760,clean,0.0,0.0,0.0,MISS,True,[168:206] 'The exact normal values are not stated' (unsupported),100.0,100.0,100.0,OK,False,[none],45.35,47.63
21,13911,clean,0.0,0.0,0.0,MISS,True,[127:167] 'immersive and engaging retail experience' (unsupported); [284:293] 'effective' (unsupported); [537:581] 'making the product interesting and appealing' (unsupported); [705:718] 'make them buy' (unsupported); [1128:1172] 'inviting and persuasive shopping environment' (unsupported),100.0,100.0,100.0,OK,False,[none],41.4,47.63
22,15781,clean,100.0,100.0,100.0,OK,False,[none],100.0,100.0,100.0,OK,False,[none],41.4,47.63
23,14380,clean,0.0,0.0,0.0,MISS,True,[644:713] 'The passages do not mention the temperature at which to cook the ribs' (contradiction),0.0,0.0,0.0,MISS,True,[644:713] 'The passages do not mention the temperature at which to cook the ribs' (contradiction),39.8,44.59
24,15464,clean,0.0,0.0,0.0,MISS,True,[52:80] 'official website of the U.S.' (unsupported),100.0,100.0,100.0,OK,False,[none],39.19,44.59
25,13293,hallucinated,37.36,97.14,53.97,OK,True,[217:251] 'accounting for around 70% of cases' (unsupported); [519:576] 'can increase the risk of developing necrotizing fasciitis' (unsupported),37.36,97.14,53.97,OK,True,[217:251] 'accounting for around 70% of cases' (unsupported); [519:576] 'can increase the risk of developing necrotizing fasciitis' (unsupported),40.14,45.57
26,13914,clean,100.0,100.0,100.0,OK,False,[none],100.0,100.0,100.0,OK,False,[none],40.14,45.57
27,14290,hallucinated,37.84,82.35,51.85,OK,True,[297:320] 'through the IRS website' (unsupported); [473:487] '1-800-829-1954' (unsupported),21.79,100.0,35.79,OK,True,[449:527] 'You can call the IRS at 1-800-829-1954 to check the status of your tax return.' (unsupported),40.46,44.85
28,14512,clean,0.0,0.0,0.0,MISS,True,[552:608] 'a broader term that encompasses various types of attacks' (unsupported),100.0,100.0,100.0,OK,False,[none],39.36,44.85
29,17253,clean,0.0,0.0,0.0,MISS,True,"[631:700] 'designing and building structures with water, such as bridges or dams' (unsupported); [814:851] 'such as buoyancy, volume, and density' (unsupported); [866:907] 'Unable to answer based on given passages.' (unsupported)",0.0,0.0,0.0,MISS,True,"[797:851] 'science concepts such as buoyancy, volume, and density' (unsupported)",36.73,43.07
30,15905,clean,0.0,0.0,0.0,MISS,True,[205:282] 'three layers of a semiconductor material with different electrical properties' (unsupported); [339:368] 'connected to a voltage source' (unsupported); [378:446] 'collector and emitter are connected to the input and output circuits' (unsupported); [469:482] 'small voltage' (unsupported),0.0,0.0,0.0,MISS,True,[190:326] 'It consists of three layers of a semiconductor material with different electrical prope...' (unsupported),33.85,39.14
31,17235,clean,0.0,0.0,0.0,MISS,True,[1155:1163] 'less icy' (contradiction); [1222:1239] 'double the recipe' (contradiction),100.0,100.0,100.0,OK,False,[none],33.5,39.14
32,12600,clean,100.0,100.0,100.0,OK,False,[none],100.0,100.0,100.0,OK,False,[none],33.5,39.14
33,12444,clean,100.0,100.0,100.0,OK,False,[none],100.0,100.0,100.0,OK,False,[none],33.5,39.14
34,15344,clean,100.0,100.0,100.0,OK,False,[none],100.0,100.0,100.0,OK,False,[none],33.5,39.14
35,15900,clean,100.0,100.0,100.0,OK,False,[none],100.0,100.0,100.0,OK,False,[none],33.5,39.14
36,16895,hallucinated,100.0,17.73,30.13,OK,True,[159:195] 'amber color can indicate dehydration' (unsupported),100.0,27.59,43.24,OK,True,[140:196] 'a darker yellow or amber color can indicate dehydration.' (unsupported),33.2,39.75
37,14094,clean,100.0,100.0,100.0,OK,False,[none],100.0,100.0,100.0,OK,False,[none],33.2,39.75
38,14396,hallucinated,100.0,18.44,31.14,OK,True,[172:198] 'water and electrolyte loss' (unsupported),100.0,40.43,57.58,OK,True,"[155:212] 'typically due to water and electrolyte loss, not fat loss' (unsupported)",33.07,41.56
39,17105,hallucinated,68.25,82.69,74.78,OK,True,"[157:169] 'Google Voice' (unsupported); [320:340] 'Google Voice website' (unsupported); [1010:1041] 'Twilio, Vonage, and RingCentral' (unsupported)",42.16,82.69,55.84,OK,True,"[248:260] 'Google Voice' (unsupported); [307:366] 'visiting the Google Voice website and following the prompts' (unsupported); [1010:1041] 'Twilio, Vonage, and RingCentral' (unsupported)",34.71,42.61
40,16456,clean,100.0,100.0,100.0,OK,False,[none],100.0,100.0,100.0,OK,False,[none],34.71,42.61
41,14818,clean,100.0,100.0,100.0,OK,False,[none],100.0,100.0,100.0,OK,False,[none],34.71,42.61
42,12228,clean,0.0,0.0,0.0,MISS,True,[324:367] 'easier and leave your mouth feeling cleaner' (unsupported),100.0,100.0,100.0,OK,False,[none],34.21,42.61
43,16146,clean,100.0,100.0,100.0,OK,False,[none],0.0,0.0,0.0,MISS,True,[86:109] 'water might stain them.' (unsupported),34.21,42.14
44,15935,clean,0.0,0.0,0.0,MISS,True,[29:132] 'global egalitarianism refers to the idea that equality should be a guiding principle fo...' (unsupported); [134:239] 'aiming to address the striking socio-economic inequalities that exist across different ...' (unsupported),0.0,0.0,0.0,MISS,True,[459:532] 'equality of opportunity represents a workable principle of global justice' (contradiction),31.97,40.75
45,15731,clean,0.0,0.0,0.0,MISS,True,[64:83] 'is a game of chance' (unsupported); [115:135] 'with a unique number' (unsupported); [181:211] 'winning ticket drawn at random' (unsupported); [772:783] 'often going' (unsupported),100.0,100.0,100.0,OK,False,[none],31.19,40.75
46,12344,clean,100.0,100.0,100.0,OK,False,[none],100.0,100.0,100.0,OK,False,[none],31.19,40.75
47,16901,clean,100.0,100.0,100.0,OK,False,[none],100.0,100.0,100.0,OK,False,[none],31.19,40.75
48,16154,clean,0.0,0.0,0.0,MISS,True,"[16:51] '""winning the majority of delegates""' (unsupported); [265:298] 'winning the majority of delegates' (unsupported); [475:518] 'rather than simply winning the popular vote' (unsupported)",0.0,0.0,0.0,MISS,True,"[0:125] 'Republicans use ""winning the majority of delegates"" to allocate delegates in their pres...' (unsupported)",30.16,38.55
49,16057,clean,0.0,0.0,0.0,MISS,True,[113:162] 'does not provide information on other skill moves' (unsupported); [166:207] 'Unable to answer based on given passages.' (unsupported),100.0,100.0,100.0,OK,False,[none],29.38,38.55
50,13363,hallucinated,68.18,90.91,77.92,OK,True,[533:561] 'Gently scrub the glass again' (unsupported); [733:765] 'Make sure to dry them completely' (unsupported); [766:794] 'to avoid any stains or spots' (unsupported),0.0,0.0,0.0,MISS,False,[none],31.45,37.49
51,13535,clean,0.0,0.0,0.0,MISS,True,[126:164] 'applies to all employers in California' (unsupported); [262:293] 'does not cover public employers' (unsupported); [376:394] 'mental or physical' (contradiction),0.0,0.0,0.0,MISS,True,"[121:194] 'FEHA applies to all employers in California, regardless of size or sector' (unsupported); [354:433] 'requiring only that a mental or physical disability limit a major life activity' (unsupported)",30.71,35.25
52,12690,clean,100.0,100.0,100.0,OK,False,[none],100.0,100.0,100.0,OK,False,[none],30.71,35.25
53,15785,clean,100.0,100.0,100.0,OK,False,[none],100.0,100.0,100.0,OK,False,[none],30.71,35.25
54,12440,clean,100.0,100.0,100.0,OK,False,[none],100.0,100.0,100.0,OK,False,[none],30.71,35.25
55,12066,clean,0.0,0.0,0.0,MISS,True,[21:68] 'is the Behavioral Health Services Administrator' (unsupported),100.0,100.0,100.0,OK,False,[none],30.32,35.25
56,16794,clean,100.0,100.0,100.0,OK,False,[none],100.0,100.0,100.0,OK,False,[none],30.32,35.25
57,15790,clean,0.0,0.0,0.0,MISS,True,[66:88] 'people born in October' (unsupported); [424:526] 'there is no information about specific personality traits or characteristics of people ...' (contradiction),0.0,0.0,0.0,MISS,True,[424:527] 'there is no information about specific personality traits or characteristics of people ...' (contradiction),29.35,33.88
58,15209,clean,0.0,0.0,0.0,MISS,True,[516:538] 'particularly egregious' (unsupported); [798:843] 'violation of their rights as British subjects' (unsupported); [913:946] 'widespread outrage and resistance' (unsupported); [1035:1058] 'the American Revolution' (unsupported),0.0,0.0,0.0,MISS,True,[725:844] 'The colonists felt that this was an overreach of British authority and a violation of t...' (unsupported); [968:1058] 'contributing to the growing tensions that would eventually lead to the American Revolution' (unsupported),28.45,31.39
59,12904,clean,0.0,0.0,0.0,MISS,True,[44:48] 'bake' (contradiction); [555:647] 'do not worry if the eggs are not perfectly symmetrical or have a slightly greenish-gray...' (unsupported),0.0,0.0,0.0,MISS,True,[568:609] 'if the eggs are not perfectly symmetrical' (unsupported),27.78,30.95
60,13107,hallucinated,12.57,57.5,20.63,OK,True,[492:526] 'either a bar graph or a line graph' (unsupported); [591:647] 'line graph is better suited for showing trends over time' (unsupported); [1225:1255] 'on the x-axis (categories) and' (unsupported); [1068:1090] 'lines are proportional' (unsupported); [1816:1857] 'Unable to answer based on given passages.' (unsupported),0.0,0.0,0.0,OK,True,[589:648] 'a line graph is better suited for showing trends over time.' (unsupported),27.41,29.93
61,14467,clean,100.0,100.0,100.0,OK,False,[none],100.0,100.0,100.0,OK,False,[none],27.41,29.93
62,12042,clean,100.0,100.0,100.0,OK,False,[none],100.0,100.0,100.0,OK,False,[none],27.41,29.93
63,13211,clean,100.0,100.0,100.0,OK,False,[none],0.0,0.0,0.0,MISS,True,"[413:492] 'chicken breast will always come out tender as long as there is enough moisture,' (unsupported)",27.41,29.16
64,13043,clean,0.0,0.0,0.0,MISS,True,[418:429] 'Scroll down' (unsupported); [999:1010] 'Scroll down' (unsupported),0.0,0.0,0.0,MISS,True,[521:579] 'Tap Erase everything to confirm the factory reset process.' (unsupported),27.27,28.62
65,16851,hallucinated,96.12,72.79,82.85,OK,True,[344:366] 'are round and flexible' (unsupported); [383:435] 'irregular in shape and have a more complex structure' (unsupported); [546:575] 'but at a lower rate than RBCs' (unsupported),0.0,0.0,0.0,MISS,False,[none],30.17,27.43
66,12516,clean,100.0,100.0,100.0,OK,False,[none],100.0,100.0,100.0,OK,False,[none],30.17,27.43
67,15688,hallucinated,100.0,97.78,98.88,OK,True,[398:442] 'with an average humidity level of 70% to 90%' (unsupported),100.0,100.0,100.0,OK,True,[398:443] 'with an average humidity level of 70% to 90%.' (unsupported),31.48,29.37
68,14398,clean,100.0,100.0,100.0,OK,False,[none],100.0,100.0,100.0,OK,False,[none],31.48,29.37
69,13072,clean,0.0,0.0,0.0,MISS,True,[236:332] 'do not provide specific cutoff values or thresholds for what constitutes a high or low ...' (contradiction); [346:404] 'I am unable to answer the question of what PSA levels mean' (contradiction),100.0,100.0,100.0,OK,False,[none],30.48,29.37
70,13260,clean,0.0,0.0,0.0,MISS,True,[30:50] 'a firm or individual' (unsupported),0.0,0.0,0.0,MISS,True,[30:50] 'a firm or individual' (unsupported),30.35,29.2
71,17234,clean,100.0,100.0,100.0,OK,False,[none],100.0,100.0,100.0,OK,False,[none],30.35,29.2
72,16897,clean,100.0,100.0,100.0,OK,False,[none],100.0,100.0,100.0,OK,False,[none],30.35,29.2
73,12702,clean,100.0,100.0,100.0,OK,False,[none],100.0,100.0,100.0,OK,False,[none],30.35,29.2
74,13440,clean,100.0,100.0,100.0,OK,False,[none],100.0,100.0,100.0,OK,False,[none],30.35,29.2
75,16560,clean,0.0,0.0,0.0,MISS,True,[463:477] 'digital copies' (unsupported),100.0,100.0,100.0,OK,False,[none],30.27,29.2
76,13106,clean,100.0,100.0,100.0,OK,False,[none],100.0,100.0,100.0,OK,False,[none],30.27,29.2
77,11909,clean,0.0,0.0,0.0,MISS,True,[238:248] 'experience' (unsupported),100.0,100.0,100.0,OK,False,[none],30.2,29.2
78,14365,clean,100.0,100.0,100.0,OK,False,[none],100.0,100.0,100.0,OK,False,[none],30.2,29.2
79,15008,hallucinated,79.78,85.54,82.56,OK,True,[145:194] 'between the eighth and ninth day of fertilization' (unsupported); [205:218] 'in rare cases' (unsupported); [518:545] 'and genetic predisposition.' (unsupported),51.23,100.0,67.76,OK,True,"[73:195] 'The split of the developing zygote into two embryos usually takes place between the eig...' (unsupported); [205:219] 'in rare cases,' (unsupported); [518:544] 'and genetic predisposition' (unsupported)",31.99,31.81
80,12335,clean,0.0,0.0,0.0,MISS,True,"[669:787] ""do not necessarily mean the person likes you romantically, and it's possible they just ..."" (unsupported); [852:861] 'over time' (unsupported); [892:924] 'try initiating a conversation or' (unsupported)",100.0,100.0,100.0,OK,False,[none],31.01,31.81
81,17116,clean,0.0,0.0,0.0,MISS,True,[144:223] 'do not contain any specific information about the cost of replacing sewer lines' (contradiction); [328:355] 'to several thousand dollars' (unsupported),100.0,100.0,100.0,OK,False,[none],30.39,31.81
82,15343,clean,100.0,100.0,100.0,OK,False,[none],100.0,100.0,100.0,OK,False,[none],30.39,31.81
83,15727,clean,0.0,0.0,0.0,MISS,True,[89:145] 'The specific details and mechanics of a raffle can vary.' (unsupported); [223:264] 'the last ticket drawn wins the main prize' (unsupported),0.0,0.0,0.0,MISS,True,[223:264] 'the last ticket drawn wins the main prize' (unsupported),29.85,31.45
84,13721,clean,0.0,0.0,0.0,MISS,True,"[724:793] 'I would have replied with ""Unable to answer based on given passages.""' (unsupported)",100.0,100.0,100.0,OK,False,[none],29.47,31.45
85,15460,clean,100.0,100.0,100.0,OK,False,[none],100.0,100.0,100.0,OK,False,[none],29.47,31.45
86,16906,clean,0.0,0.0,0.0,MISS,True,"[334:370] ""and remove them from your dog's coat"" (unsupported)",100.0,100.0,100.0,OK,False,[none],29.28,31.45
87,16634,clean,0.0,0.0,0.0,MISS,True,[681:695] 'any associated' (unsupported),100.0,100.0,100.0,OK,False,[none],29.2,31.45
88,12106,clean,100.0,100.0,100.0,OK,False,[none],100.0,100.0,100.0,OK,False,[none],29.2,31.45
89,14466,clean,0.0,0.0,0.0,MISS,True,[630:699] 'and the integration of African Americans into society and the economy' (unsupported),100.0,100.0,100.0,OK,False,[none],28.84,31.45
90,14849,clean,100.0,100.0,100.0,OK,False,[none],100.0,100.0,100.0,OK,False,[none],28.84,31.45
91,14213,clean,0.0,0.0,0.0,MISS,True,[123:138] 'or fermentation' (unsupported),100.0,100.0,100.0,OK,False,[none],28.77,31.45
92,14750,clean,100.0,100.0,100.0,OK,False,[none],100.0,100.0,100.0,OK,False,[none],28.77,31.45
93,14287,clean,100.0,100.0,100.0,OK,False,[none],100.0,100.0,100.0,OK,False,[none],28.77,31.45
94,14819,clean,0.0,0.0,0.0,MISS,True,[91:106] 'on a 2006 Chevy' (unsupported),100.0,100.0,100.0,OK,False,[none],28.69,31.45
95,16454,clean,100.0,100.0,100.0,OK,False,[none],100.0,100.0,100.0,OK,False,[none],28.69,31.45
96,15901,clean,100.0,100.0,100.0,OK,False,[none],100.0,100.0,100.0,OK,False,[none],28.69,31.45
97,17104,hallucinated,100.0,66.82,80.11,OK,True,[855:917] 'may vary depending on the provider and the location you choose' (unsupported); [938:1017] 'research and compare different providers to find the best option for your needs' (unsupported),0.0,0.0,0.0,MISS,False,[none],31.72,29.74
98,14859,hallucinated,100.0,60.34,75.27,OK,True,[159:264] 'visiting the Shugabush Island and collecting the required items to trade with the other...' (unsupported),100.0,72.41,84.0,OK,True,[139:265] 'This can be done by visiting the Shugabush Island and collecting the required items to ...' (unsupported),33.66,33.64
99,14817,clean,0.0,0.0,0.0,MISS,True,[85:89] '2006' (unsupported); [430:478] 'taking care not to damage any wiring connections' (unsupported); [744:775] 'using a door panel removal tool' (contradiction),100.0,100.0,100.0,OK,False,[none],33.22,33.64
100,12517,clean,0.0,0.0,0.0,MISS,True,[251:293] 'Each system has its own specific functions' (unsupported),0.0,0.0,0.0,MISS,True,"[451:555] 'various systems such as the skeletal, muscular, digestive, respiratory, circulatory, an...' (unsupported); [625:733] 'and removes carbon dioxide from the muscular, digestive, skeletal, circulatory, urinary...' (unsupported)",33.0,32.01
101,12220,clean,0.0,0.0,0.0,MISS,True,[513:530] 'four even corners' (unsupported); [546:580] 'size of the quilt is not specified' (contradiction),0.0,0.0,0.0,MISS,True,"[542:597] 'the size of the quilt is not specified in the passages,' (contradiction)",32.74,31.61
102,12447,clean,0.0,0.0,0.0,MISS,True,[721:844] 'still important to consume a balanced diet that includes all of the essential amino aci...' (unsupported),100.0,100.0,100.0,OK,False,[none],32.13,31.61
103,13136,hallucinated,100.0,58.1,73.49,OK,True,"[447:481] 'entering a custom value in seconds' (unsupported); [514:541] 'click ""Apply"" and then ""OK""' (unsupported)",100.0,38.1,55.17,OK,True,"[514:554] 'click ""Apply"" and then ""OK"" to save them' (unsupported)",33.15,32.36
104,13431,clean,0.0,0.0,0.0,MISS,True,[864:909] 'Unable to answer based on the given passages.' (unsupported); [910:1036] 'The passages do not provide instructions on how to fix a specific issue with the lift v...' (unsupported),100.0,100.0,100.0,OK,False,[none],32.33,32.36
105,15651,hallucinated,0.0,0.0,0.0,MISS,False,[none],0.0,0.0,0.0,MISS,False,[none],31.59,31.26
106,13207,clean,100.0,100.0,100.0,OK,False,[none],100.0,100.0,100.0,OK,False,[none],31.59,31.26
107,16464,clean,100.0,100.0,100.0,OK,False,[none],100.0,100.0,100.0,OK,False,[none],31.59,31.26
108,13128,clean,100.0,100.0,100.0,OK,False,[none],100.0,100.0,100.0,OK,False,[none],31.59,31.26
109,17100,clean,0.0,0.0,0.0,MISS,True,[59:75] 'YouTube channels' (unsupported),100.0,100.0,100.0,OK,False,[none],31.52,31.26
110,15482,clean,0.0,0.0,0.0,MISS,True,[277:352] 'are applications that are not developed or officially supported by Snapchat' (unsupported),100.0,100.0,100.0,OK,False,[none],31.19,31.26
111,16469,hallucinated,0.0,0.0,0.0,OK,True,[238:300] 'has a lower impact compared to other exercises such as running' (unsupported),0.0,0.0,0.0,OK,True,[235:300] 'it has a lower impact compared to other exercises such as running' (unsupported),30.68,30.48
112,13138,clean,0.0,0.0,0.0,MISS,True,[1309:1349] 'Windows key + X and select Power Options' (unsupported); [1350:1405] 'from the menu to open the Power Options window directly' (unsupported),0.0,0.0,0.0,MISS,True,"[1259:1406] 'Alternatively, you can also use the shortcut keys Windows key + X and select Power Opti...' (unsupported)",30.28,29.59
113,14508,clean,100.0,100.0,100.0,OK,False,[none],100.0,100.0,100.0,OK,False,[none],30.28,29.59
114,12916,clean,100.0,100.0,100.0,OK,False,[none],100.0,100.0,100.0,OK,False,[none],30.28,29.59
115,13467,clean,0.0,0.0,0.0,MISS,True,[756:796] 'Unable to answer based on given passages' (contradiction),100.0,100.0,100.0,OK,False,[none],30.12,29.59
116,16358,clean,0.0,0.0,0.0,MISS,True,[261:396] 'It would be best to refer to the instructions on the 1040 tax return form itself for gu...' (unsupported),100.0,100.0,100.0,OK,False,[none],29.58,29.59
117,15777,hallucinated,77.78,89.62,83.28,OK,True,[555:594] 'Holding a dressing or bandage in place.' (unsupported); [598:628] 'Hanging a picture or ornament.' (unsupported); [632:656] 'Repairing a ripped seam.' (unsupported); [660:699] 'Closing openings on a backpack or tent.' (unsupported); [704:738] 'Creating a makeshift fishing hook.' (unsupported); [743:786] 'Making a simple tool for cutting or prying.' (unsupported); ... +3 more,83.28,89.62,86.33,OK,True,[499:551] 'Fastening two pieces of fabric or clothing together.' (unsupported); [555:594] 'Holding a dressing or bandage in place.' (unsupported); [598:628] 'Hanging a picture or ornament.' (unsupported); [632:656] 'Repairing a ripped seam.' (unsupported); [660:699] 'Closing openings on a backpack or tent.' (unsupported); [704:738] 'Creating a makeshift fishing hook.' (unsupported); ... +2 more,33.68,35.65
118,13235,clean,0.0,0.0,0.0,MISS,True,"[544:652] 'Repeat the process for additional frames, ensuring that the hinge placement is consiste...' (unsupported)",100.0,100.0,100.0,OK,False,[none],33.24,35.65
119,14377,clean,100.0,100.0,100.0,OK,False,[none],0.0,0.0,0.0,MISS,True,[14:72] 'start by removing the membrane from the bottom of the ribs' (unsupported); [114:151] 'a mixture of mustard and liquid smoke' (unsupported),33.24,35.06
120,16457,clean,0.0,0.0,0.0,MISS,True,[0:41] 'Unable to answer based on given passages.' (unsupported),100.0,100.0,100.0,OK,False,[none],33.07,35.06
121,17759,clean,100.0,100.0,100.0,OK,False,[none],100.0,100.0,100.0,OK,False,[none],33.07,35.06
122,12469,clean,0.0,0.0,0.0,MISS,True,[21:45] 'from an iPhone to iTunes' (unsupported); [637:663] 'from your iPhone to iTunes' (contradiction),0.0,0.0,0.0,MISS,True,"[574:664] 'After the sync is complete, the audiobooks will be transferred from your iPhone to iTunes.' (contradiction)",32.87,34.52
123,14506,clean,0.0,0.0,0.0,MISS,True,[153:168] 'built over time' (unsupported); [387:408] 'customer satisfaction' (unsupported); [467:501] 'positive word-of-mouth advertising' (unsupported); [669:685] 'intangible asset' (unsupported),100.0,100.0,100.0,OK,False,[none],32.54,34.52
124,13233,clean,100.0,100.0,100.0,OK,False,[none],100.0,100.0,100.0,OK,False,[none],32.54,34.52
125,13365,clean,0.0,0.0,0.0,MISS,True,[683:724] 'Unable to answer based on given passages.' (unsupported),100.0,100.0,100.0,OK,False,[none],32.38,34.52
126,16881,hallucinated,100.0,74.36,85.29,OK,True,[397:484] 'helps prevent rot and ensures the potatoes have the best chance of growing successfully' (unsupported),0.0,0.0,0.0,MISS,False,[none],33.63,33.83
127,15129,hallucinated,18.42,13.51,15.59,OK,True,[200:235] 'http://www.peoplefinder.com/france/' (unsupported); [970:1011] 'Unable to answer based on given passages.' (contradiction); [1012:1126] 'The passages do not provide enough information to guide the user through the process of...' (contradiction),39.45,39.0,39.22,OK,True,[192:235] 'such as http://www.peoplefinder.com/france/' (unsupported); [280:338] 'by entering their last name and other identifying details.' (unsupported); [970:1011] 'Unable to answer based on given passages.' (contradiction); [1012:1126] 'The passages do not provide enough information to guide the user through the process of...' (contradiction),32.74,34.27
128,17758,clean,100.0,100.0,100.0,OK,False,[none],100.0,100.0,100.0,OK,False,[none],32.74,34.27
129,12437,clean,100.0,100.0,100.0,OK,False,[none],100.0,100.0,100.0,OK,False,[none],32.74,34.27
130,14200,clean,0.0,0.0,0.0,MISS,True,[785:804] 'more cost-effective' (unsupported); [847:874] 'when you turn on the faucet' (unsupported),100.0,100.0,100.0,OK,False,[none],32.57,34.27
131,13153,clean,100.0,100.0,100.0,OK,False,[none],100.0,100.0,100.0,OK,False,[none],32.57,34.27
132,12296,clean,100.0,100.0,100.0,OK,False,[none],100.0,100.0,100.0,OK,False,[none],32.57,34.27
133,14713,clean,100.0,100.0,100.0,OK,False,[none],100.0,100.0,100.0,OK,False,[none],32.57,34.27
134,12233,hallucinated,100.0,7.02,13.11,OK,True,[238:246] 'stronger' (unsupported),0.0,0.0,0.0,MISS,False,[none],32.32,33.67
135,15774,clean,100.0,100.0,100.0,OK,False,[none],100.0,100.0,100.0,OK,False,[none],32.32,33.67
136,12262,hallucinated,64.94,94.17,76.87,OK,True,"[732:759] 'Click on the ""General"" tab.' (unsupported); [763:849] 'Under the ""Web browsers"" section, select ""Use Firefox as my default browser"" checkbox.' (unsupported); [912:973] 'may not be applicable to all versions of Windows or browsers.' (unsupported)",100.0,94.17,97.0,OK,True,"[732:759] 'Click on the ""General"" tab.' (unsupported); [763:849] 'Under the ""Web browsers"" section, select ""Use Firefox as my default browser"" checkbox.' (unsupported)",33.68,35.85
137,14886,clean,0.0,0.0,0.0,MISS,True,[230:262] 'need to use iPhone Data Recovery' (unsupported),100.0,100.0,100.0,OK,False,[none],33.57,35.85
138,13340,hallucinated,60.34,88.83,71.87,OK,True,"[386:427] 'compounds can have a variable composition' (contradiction); [544:618] 'separating compounds requires more complex methods like chemical reactions' (contradiction); [695:739] 'Elements are held together by covalent bonds' (unsupported); [747:822] 'compounds can have various types of bonds (covalent, ionic, metallic, etc.)' (unsupported); [824:880] 'Mixtures do not have any bonds between their components.' (unsupported)",30.27,28.43,29.32,OK,True,[380:428] 'while compounds can have a variable composition.' (contradiction); [538:619] 'while separating compounds requires more complex methods like chemical reactions.' (contradiction); [824:880] 'Mixtures do not have any bonds between their components.' (contradiction),35.42,35.5
139,15969,clean,100.0,100.0,100.0,OK,False,[none],0.0,0.0,0.0,MISS,True,[573:656] 'the passage does not provide specific cooking time recommendations for this method.' (unsupported),35.42,35.09
140,15708,clean,0.0,0.0,0.0,MISS,True,[105:124] 'than sirloin steaks' (contradiction),100.0,100.0,100.0,OK,False,[none],35.35,35.09
141,12068,clean,100.0,100.0,100.0,OK,False,[none],100.0,100.0,100.0,OK,False,[none],35.35,35.09
142,15271,clean,100.0,100.0,100.0,OK,False,[none],100.0,100.0,100.0,OK,False,[none],35.35,35.09
143,12439,clean,100.0,100.0,100.0,OK,False,[none],100.0,100.0,100.0,OK,False,[none],35.35,35.09
144,16417,clean,0.0,0.0,0.0,MISS,True,[84:129] 'does not mention how to draw a truncated cone' (contradiction); [333:344] 'in Geogebra' (unsupported); [504:515] 'in Geogebra' (unsupported); [558:627] 'it is not possible to answer how to draw a truncated cone in Geogebra' (unsupported),0.0,0.0,0.0,MISS,True,[81:129] 'it does not mention how to draw a truncated cone' (contradiction),34.88,34.86
145,16116,clean,0.0,0.0,0.0,MISS,True,[344:385] 'eliminate their access to food or shelter' (unsupported),100.0,100.0,100.0,OK,False,[none],34.74,34.86
146,12842,hallucinated,69.89,92.86,79.75,OK,True,[105:133] '2 gussets for each side seam' (contradiction); [1445:1510] 'Add any additional decorative elements such as buttons or elastic' (unsupported),43.42,94.29,59.46,OK,True,"[48:134] 'Divide the number of gussets needed in half, which means 2 gussets for each side seam.' (unsupported); [1445:1511] 'Add any additional decorative elements such as buttons or elastic.' (unsupported)",35.44,35.59
147,13265,hallucinated,75.0,100.0,85.71,OK,True,"[68:86] 'firm or individual' (unsupported); [403:513] 'including the duration of the lease, payment amounts, and any responsibilities and obli...' (unsupported)",0.0,0.0,0.0,OK,True,[68:86] 'firm or individual' (unsupported),36.5,35.06
148,13290,clean,100.0,100.0,100.0,OK,False,[none],100.0,100.0,100.0,OK,False,[none],36.5,35.06
149,12557,clean,0.0,0.0,0.0,MISS,True,"[530:544] ', if necessary' (unsupported)",100.0,100.0,100.0,OK,False,[none],36.45,35.06
150,13040,clean,0.0,0.0,0.0,MISS,True,"[247:289] 'From the menu, choose ""Factory Data Reset""' (contradiction); [352:400] 'Confirm the reset by pressing ""Erase Everything""' (contradiction); [405:451] 'Release all keys when the process is complete.' (contradiction)",0.0,0.0,0.0,MISS,True,"[247:348] 'From the menu, choose ""Factory Data Reset"" by using Volume buttons to scroll and Power ...' (unsupported)",35.99,34.6
151,16891,clean,100.0,100.0,100.0,OK,False,[none],100.0,100.0,100.0,OK,False,[none],35.99,34.6
152,16882,clean,0.0,0.0,0.0,MISS,True,[314:327] 'well-draining' (unsupported); [733:741] 'watering' (contradiction),0.0,0.0,0.0,MISS,True,"[269:369] 'Plant the potato chunks or whole potatoes in well-draining soil, spacing them 24 to 36 ...' (unsupported); [725:741] 'such as watering' (contradiction)",35.92,34.09
153,12023,clean,100.0,100.0,100.0,OK,False,[none],100.0,100.0,100.0,OK,False,[none],35.92,34.09
154,15933,clean,0.0,0.0,0.0,MISS,True,[189:236] 'equality among individuals and groups worldwide' (unsupported); [284:362] 'requires that all individuals have equal access to resources and opportunities' (unsupported); [894:923] 'more wealth and opportunities' (unsupported); [966:999] 'major challenge to global justice' (unsupported); [1547:1565] 'achieving equality' (unsupported),0.0,0.0,0.0,MISS,True,[269:416] 'global justice requires that all individuals have equal access to resources and opportu...' (unsupported),35.26,33.46
155,15204,clean,0.0,0.0,0.0,MISS,True,[565:593] 'infringement on their rights' (unsupported); [607:647] 'no colonial representation in Parliament' (unsupported); [703:717] 'became popular' (unsupported),100.0,100.0,100.0,OK,False,[none],35.0,33.46
156,12107,clean,0.0,0.0,0.0,MISS,True,[805:871] 'seek further assistance from a professional locksmith or carpenter' (unsupported),100.0,100.0,100.0,OK,False,[none],34.79,33.46
157,14860,hallucinated,60.62,26.06,36.45,OK,True,"[591:627] 'Shugabeats is a Generation 2 monster' (unsupported); [729:769] ""If you don't have a Generation 1 monster"" (unsupported); [898:977] 'the breeding process can be affected by the elements of the monsters being bred' (unsupported); [996:1034] 'Shugabeats possesses the Water element' (unsupported)",80.1,35.86,49.54,OK,True,[587:627] 'the Shugabeats is a Generation 2 monster' (unsupported); [992:1034] 'the Shugabeats possesses the Water element' (unsupported); [1039:1158] 'breeding it with a monster that has the Water element will increase the chances of gett...' (unsupported),34.88,34.67
158,17054,clean,100.0,100.0,100.0,OK,False,[none],100.0,100.0,100.0,OK,False,[none],34.88,34.67
159,16155,hallucinated,61.46,24.38,34.91,OK,True,[32:69] 'Republicans use a proportional method' (unsupported); [370:417] 'not solely determined by a simple majority vote' (unsupported); [549:561] 'Proportional' (unsupported),29.93,18.18,22.62,OK,True,[32:135] 'Republicans use a proportional method to allocate delegates in their presidential nomin...' (unsupported); [518:562] 'the answer to the question is: Proportional.' (unsupported),34.88,34.15
160,15684,clean,0.0,0.0,0.0,MISS,True,"[190:203] 'fruits, nuts,' (unsupported)",0.0,0.0,0.0,MISS,True,"[173:254] 'Various types of fruits, nuts, herbs, and mushrooms grow on the rainforest floor.' (unsupported)",34.85,33.85
161,16060,hallucinated,58.97,40.35,47.92,OK,True,"[253:299] 'flip fouls, step-overs, and heel-to-heel turns' (unsupported); [393:409] 'official website' (unsupported); [561:577] 'official website' (unsupported)",42.07,100.0,59.22,OK,True,"[89:185] 'To execute a skill move while standing, press and hold the LT button and then tap the R...' (unsupported); [186:300] 'This will allow your player to perform various skill moves such as flip fouls, step-ove...' (unsupported); [377:409] 'by visiting the official website' (unsupported); [548:577] 'found on the official website' (unsupported)",35.05,34.87
162,12764,clean,0.0,0.0,0.0,MISS,True,[180:210] 'opening work-in-progress (WDV)' (unsupported),100.0,100.0,100.0,OK,False,[none],34.96,34.87
163,15728,hallucinated,18.88,24.32,21.26,OK,True,[12:27] 'games of chance' (unsupported); [127:228] 'where the winner is determined by subtracting their ticket number from the highest numb...' (unsupported); [313:340] 'then you would win the game' (unsupported),50.52,87.39,64.03,OK,True,"[133:228] 'the winner is determined by subtracting their ticket number from the highest number in ...' (unsupported); [243:340] 'if the highest number in the game is 55 and your ticket number is 47, then you would wi...' (unsupported)",34.69,35.78
164,12297,hallucinated,0.0,0.0,0.0,OK,True,[552:608] 'burning it in a peaceful manner during a proper ceremony' (unsupported),0.0,0.0,0.0,MISS,False,[none],33.95,34.99
165,12523,clean,100.0,100.0,100.0,OK,False,[none],100.0,100.0,100.0,OK,False,[none],33.95,34.99
166,17059,clean,100.0,100.0,100.0,OK,False,[none],100.0,100.0,100.0,OK,False,[none],33.95,34.99
167,12263,clean,100.0,100.0,100.0,OK,False,[none],100.0,100.0,100.0,OK,False,[none],33.95,34.99
168,12241,clean,0.0,0.0,0.0,MISS,True,[288:306] 'any light fixtures' (unsupported); [431:464] 'as they perceive it as a predator' (unsupported),100.0,100.0,100.0,OK,False,[none],33.82,34.99
169,13291,clean,100.0,100.0,100.0,OK,False,[none],100.0,100.0,100.0,OK,False,[none],33.82,34.99
170,15103,clean,0.0,0.0,0.0,MISS,True,[421:437] 'and rinse it off' (unsupported),100.0,100.0,100.0,OK,False,[none],33.78,34.99
171,12694,hallucinated,53.19,18.66,27.62,OK,True,[307:332] 'India is not as equitable' (unsupported); [568:590] 'for over two centuries' (unsupported),74.42,47.76,58.18,OK,True,[339:403] 'poorer children facing challenges in accessing quality education' (unsupported); [568:590] 'for over two centuries' (unsupported),33.69,35.49
172,12527,clean,0.0,0.0,0.0,MISS,True,[471:509] 'located northwest of the Caribbean Sea' (unsupported),0.0,0.0,0.0,MISS,True,[441:510] 'while the Leeward Islands are located northwest of the Caribbean Sea.' (unsupported),33.6,35.25
173,14057,clean,100.0,100.0,100.0,OK,False,[none],100.0,100.0,100.0,OK,False,[none],33.6,35.25
174,15733,clean,0.0,0.0,0.0,MISS,True,[88:106] 'degrees Fahrenheit' (unsupported),100.0,100.0,100.0,OK,False,[none],33.55,35.25
175,16561,clean,100.0,100.0,100.0,OK,False,[none],100.0,100.0,100.0,OK,False,[none],33.55,35.25
176,14688,clean,0.0,0.0,0.0,MISS,True,[476:509] 'then apply another layer of stain' (unsupported); [677:690] 'over the wood' (unsupported),100.0,100.0,100.0,OK,False,[none],33.43,35.25
177,13308,clean,100.0,100.0,100.0,OK,False,[none],100.0,100.0,100.0,OK,False,[none],33.43,35.25
178,15713,hallucinated,31.73,68.75,43.42,OK,True,[29:100] 'the main difference between sirloin steak and porterhouse steak is that' (unsupported); [182:215] 'more expensive than sirloin steak' (unsupported),100.0,68.75,81.48,OK,True,[182:215] 'more expensive than sirloin steak' (unsupported),33.55,35.61
179,12243,clean,100.0,100.0,100.0,OK,False,[none],0.0,0.0,0.0,MISS,True,"[325:359] 'are made from flammable materials,' (unsupported)",33.55,35.5
180,14283,hallucinated,56.92,96.86,71.71,OK,True,[678:785] 'which suggests that the cost of other materials and labor for a second floor installati...' (unsupported); [1068:1146] 'could be used as a rough estimate for the cost of a second floor installation.' (unsupported); [1208:1329] 'it is difficult to give an exact answer to the question without additional context or d...' (unsupported); [1400:1419] 'please let me know.' (unsupported),0.0,0.0,0.0,OK,True,[86:129] 'can range from $100 to $400 per square foot' (unsupported),34.95,34.72
181,16771,clean,100.0,100.0,100.0,OK,False,[none],100.0,100.0,100.0,OK,False,[none],34.95,34.72
182,13069,clean,100.0,100.0,100.0,OK,False,[none],100.0,100.0,100.0,OK,False,[none],34.95,34.72
183,16796,clean,100.0,100.0,100.0,OK,False,[none],100.0,100.0,100.0,OK,False,[none],34.95,34.72
184,15106,hallucinated,100.0,57.32,72.87,OK,True,[877:904] 'add two tablespoons of salt' (unsupported); [939:959] 'for about 30 minutes' (unsupported),100.0,98.78,99.39,OK,True,[877:905] 'add two tablespoons of salt.' (unsupported); [906:959] 'Soak the jewelry in the solution for about 30 minutes' (unsupported),35.3,35.69
185,15626,clean,0.0,0.0,0.0,MISS,True,[89:170] 'or by going to Twitter.com and logging in with your Twitter username and password' (unsupported),100.0,100.0,100.0,OK,False,[none],35.1,35.69
186,12185,clean,0.0,0.0,0.0,MISS,True,[753:786] 'until it becomes soft and pliable' (unsupported),100.0,100.0,100.0,OK,False,[none],35.02,35.69
187,14397,hallucinated,18.58,100.0,31.34,OK,True,[118:159] 'Unable to answer based on given passages.' (contradiction); [174:254] 'do not provide any information about weight loss associated with bowel movements' (contradiction); [464:506] 'through a combination of diet and exercise' (unsupported); [546:566] 'cannot be determined' (contradiction),0.0,0.0,0.0,OK,True,[118:159] 'Unable to answer based on given passages.' (contradiction); [161:255] 'The passages do not provide any information about weight loss associated with bowel mov...' (contradiction); [519:598] 'the answer to the question cannot be determined based on the provided passages.' (contradiction),34.96,34.89
188,14806,hallucinated,100.0,13.75,24.18,OK,True,[257:268] '22°C (72°F)' (unsupported); [370:381] '22°C (72°F)' (unsupported),63.16,97.5,76.66,OK,True,"[127:218] 'Passage 1 provides the current weather conditions for Bucharest, including the temperat...' (unsupported); [220:269] '""Today\'s temperature in Bucharest is 22°C (72°F),' (unsupported); [270:285] 'humidity is 82%' (unsupported); [287:316] 'wind speed is 6 mph (9 km/h).' (unsupported); [319:382] 'Therefore, the current temperature in Bucharest is 22°C (72°F).' (unsupported)",34.83,36.37
189,15689,clean,0.0,0.0,0.0,MISS,True,[672:688] 'nutrient cycling' (unsupported),0.0,0.0,0.0,MISS,True,"[255:276] 'including tall trees,' (unsupported)",34.79,36.31
190,13490,clean,0.0,0.0,0.0,MISS,True,[148:158] 'at the top' (unsupported); [329:345] 'recommends using' (unsupported),100.0,100.0,100.0,OK,False,[none],34.73,36.31
191,16879,clean,100.0,100.0,100.0,OK,False,[none],100.0,100.0,100.0,OK,False,[none],34.73,36.31
192,14211,clean,0.0,0.0,0.0,MISS,True,[68:92] 'is not explicitly stated' (contradiction); [203:246] 'the primary factor leading to the explosion' (unsupported),0.0,0.0,0.0,MISS,True,[32:92] 'the cause of watermelons to explode is not explicitly stated' (contradiction),34.57,36.12
193,14716,clean,100.0,100.0,100.0,OK,False,[none],100.0,100.0,100.0,OK,False,[none],34.57,36.12
194,15462,clean,100.0,100.0,100.0,OK,False,[none],100.0,100.0,100.0,OK,False,[none],34.57,36.12
195,17237,clean,0.0,0.0,0.0,MISS,True,"[662:772] 'Therefore, the answer to the question ""How do you make ice cream"" can be answered based...' (unsupported)",100.0,100.0,100.0,OK,False,[none],34.31,36.12
196,14511,hallucinated,100.0,66.22,79.67,OK,True,[344:393] 'happen at any point during a debate or discussion' (unsupported),0.0,0.0,0.0,MISS,False,[none],34.69,35.89
197,13137,hallucinated,84.87,42.91,57.0,OK,True,"[894:954] 'Uncheck the box next to ""Turn on fast startup (recommended)""' (unsupported); [1211:1288] 'toggle the switch next to ""Put the computer to sleep"" to enable or disable it' (unsupported); [1292:1385] 'Enter the desired amount of time for the computer to remain awake before entering sleep...' (unsupported); [1697:1738] 'Unable to answer based on given passages.' (unsupported)",0.0,0.0,0.0,MISS,False,[none],35.83,34.31
198,15788,clean,0.0,0.0,0.0,MISS,True,"[29:51] 'people born in October' (unsupported); [190:270] 'They may also be success-oriented, charming, and personally powerful individuals' (unsupported); [341:379] 'may have a tendency towards impatience' (unsupported); [384:480] 'may struggle with balance between their desire for stability and security and their res...' (unsupported)",100.0,100.0,100.0,OK,False,[none],35.3,34.31
199,15753,hallucinated,26.4,42.34,32.53,OK,True,[499:546] 'no more than five times within a 24-hour period' (unsupported); [682:785] 'unclear whether there are any additional fees or charges beyond the initial $100 or $25...' (unsupported); [885:913] 'for each occurrence of abuse' (unsupported),24.74,42.34,31.23,OK,True,[499:546] 'no more than five times within a 24-hour period' (unsupported); [848:913] 'customers may be charged $100 or $25 for each occurrence of abuse' (unsupported); [915:993] 'suggesting that these amounts may also be deducted from their prepaid balance.' (unsupported),35.25,34.23
200,15192,clean,100.0,100.0,100.0,OK,False,[none],100.0,100.0,100.0,OK,False,[none],35.25,34.23
201,16893,clean,100.0,100.0,100.0,OK,False,[none],100.0,100.0,100.0,OK,False,[none],35.25,34.23
202,13155,hallucinated,77.68,33.77,47.07,OK,True,"[198:259] 'resulting in feelings of relaxation and reduced stress levels' (unsupported); [510:521] 'anxiety and' (unsupported); [743:792] 'create a sense of belonging and social connection' (unsupported); [929:1000] 'release oxytocin, a hormone that promotes emotional healing and bonding' (unsupported); [1015:1056] 'Unable to answer based on given passages.' (unsupported)",100.0,32.65,49.23,OK,True,[731:792] 'Hugging can create a sense of belonging and social connection' (unsupported); [794:834] 'which is essential for mental well-being' (unsupported); [924:945] 'help release oxytocin' (unsupported); [947:1000] 'a hormone that promotes emotional healing and bonding' (unsupported),35.79,35.04
203,11907,clean,0.0,0.0,0.0,MISS,True,[602:618] 'among all states' (unsupported),0.0,0.0,0.0,MISS,True,[394:470] 'the passage does not provide specific information on the average hourly rate' (unsupported); [471:514] 'or salary range for automotive technicians.' (unsupported); [905:974] 'the passage does not provide specific data on the average hourly rate' (unsupported); [975:1018] 'or salary range for automotive technicians.' (unsupported),35.75,34.44
204,17199,hallucinated,34.97,26.67,30.26,OK,True,"[48:106] ""watching Snapchat stories does indeed increase one's score"" (unsupported); [504:623] 'actively engaging with Snapchat stories and content by watching and interacting with th...' (unsupported); [733:739] 'is yes' (unsupported)",56.03,71.67,62.89,OK,True,"[32:122] ""it appears that watching Snapchat stories does indeed increase one's score on the platform"" (unsupported); [504:639] 'actively engaging with Snapchat stories and content by watching and interacting with th...' (unsupported); [657:739] 'the answer to the question ""Does watching Snapchat stories increase score?"" is yes' (unsupported)",35.62,35.55
205,12016,clean,0.0,0.0,0.0,MISS,True,[569:675] 'main difference between tartrate and succinate is the duration of action and the side e...' (unsupported),100.0,100.0,100.0,OK,False,[none],35.4,35.55
206,13564,hallucinated,100.0,56.07,71.85,OK,True,"[552:567] 'or cooking time' (contradiction); [603:640] 'recommended to use a meat thermometer' (unsupported); [675:794] 'internal temperature of at least 145°F (63°C) for medium-rare, 160°F (71°C) for medium,...' (unsupported)",100.0,28.52,44.39,OK,True,[699:736] 'at least 145°F (63°C) for medium-rare' (unsupported); [738:761] '160°F (71°C) for medium' (unsupported); [767:794] '170°F (77°C) for well-done.' (unsupported),36.36,35.79
207,14996,clean,0.0,0.0,0.0,MISS,True,[347:443] 'do not provide any information about what a UPC description specifically means or how i...' (unsupported); [456:519] 'I am unable to answer this question based on the given passages' (unsupported),0.0,0.0,0.0,MISS,True,[334:443] 'the passages do not provide any information about what a UPC description specifically m...' (contradiction),36.05,35.52
208,16121,hallucinated,100.0,61.11,75.86,OK,True,[222:240] 'humane mouse traps' (unsupported); [244:282] 'natural deterrents like peppermint oil' (unsupported); [335:378] 'keeping your home clean and well-maintained' (unsupported),53.28,40.12,45.77,OK,True,"[54:102] 'seal all entry points, including pipes and vents' (unsupported); [207:240] 'consider using humane mouse traps' (unsupported); [241:282] 'or natural deterrents like peppermint oil' (unsupported)",36.61,35.72
209,16511,hallucinated,100.0,56.43,72.15,OK,True,"[361:414] 'Exercise alone is not enough to achieve a toned body.' (unsupported); [454:551] 'a balanced diet that provides your body with the necessary nutrients to build muscle an...' (unsupported); [588:647] 'Muscles grow during rest and recovery, not during exercise.' (unsupported); [720:784] 'you may not be allowing your muscles to fully repair and rebuild' (unsupported); [844:923] 'Consistency is key when it comes to building muscle and achieving a toned body.' (unsupported); [976:1018] 'you may not be making the gains you desire' (unsupported); ... +5 more",100.0,29.07,45.05,OK,True,"[361:414] 'Exercise alone is not enough to achieve a toned body.' (unsupported); [415:552] ""You need to make sure you're consuming a balanced diet that provides your body with the..."" (unsupported); [588:647] 'Muscles grow during rest and recovery, not during exercise.' (unsupported); [1053:1193] 'Progressive overload refers to gradually increasing the intensity of your workouts over...' (unsupported)",40.22,36.7
210,15484,clean,0.0,0.0,0.0,MISS,True,[379:416] 'which could result in account lockout' (unsupported),0.0,0.0,0.0,MISS,True,[32:127] 'it appears that your Snapchat account has been temporarily locked due to using third-pa...' (unsupported); [676:740] 'for an official Snapchat app to become available for your device' (unsupported),40.15,36.35
211,14700,clean,100.0,100.0,100.0,OK,False,[none],100.0,100.0,100.0,OK,False,[none],40.15,36.35
212,14381,hallucinated,71.05,96.43,81.82,OK,True,[154:165] 'and discard' (unsupported); [802:829] 'baking at 300°F for 2 hours' (unsupported),100.0,96.43,98.18,OK,True,[802:829] 'baking at 300°F for 2 hours' (unsupported),40.28,36.55
213,12767,clean,100.0,100.0,100.0,OK,False,[none],100.0,100.0,100.0,OK,False,[none],40.28,36.55
214,14775,clean,0.0,0.0,0.0,MISS,True,[344:380] 'He is worthy of our love and service' (unsupported); [559:655] 'The passages do not provide explicit reasons why we should serve others without selfish...' (contradiction); [842:863] 'love and appreciation' (unsupported); [873:910] 'who deserves our service and devotion' (unsupported),0.0,0.0,0.0,MISS,True,[559:655] 'The passages do not provide explicit reasons why we should serve others without selfish...' (contradiction),39.91,36.34
215,13154,clean,0.0,0.0,0.0,MISS,True,[347:366] 'happy relationships' (unsupported); [444:502] 'which can provide comfort and ease their existential fears' (unsupported),100.0,100.0,100.0,OK,False,[none],39.77,36.34
216,12047,clean,100.0,100.0,100.0,OK,False,[none],100.0,100.0,100.0,OK,False,[none],39.77,36.34
217,12022,clean,100.0,100.0,100.0,OK,False,[none],100.0,100.0,100.0,OK,False,[none],39.77,36.34
218,15627,clean,100.0,100.0,100.0,OK,False,[none],100.0,100.0,100.0,OK,False,[none],39.77,36.34
219,14369,clean,100.0,100.0,100.0,OK,False,[none],100.0,100.0,100.0,OK,False,[none],39.77,36.34
220,14286,clean,0.0,0.0,0.0,MISS,True,[402:436] 'to check the status of your return' (unsupported),100.0,100.0,100.0,OK,False,[none],39.7,36.34
221,13231,clean,0.0,0.0,0.0,MISS,True,[440:448] 'securely' (unsupported),100.0,100.0,100.0,OK,False,[none],39.69,36.34
222,12218,clean,100.0,100.0,100.0,OK,False,[none],100.0,100.0,100.0,OK,False,[none],39.69,36.34
223,12762,clean,100.0,100.0,100.0,OK,False,[none],100.0,100.0,100.0,OK,False,[none],39.69,36.34
224,14470,clean,0.0,0.0,0.0,MISS,True,[878:957] 'does not provide information about specific social effects on the United States' (contradiction); [1014:1060] 'limited to the time period after the Civil War' (unsupported); [1066:1113] 'do not cover the broader history of immigration' (unsupported),0.0,0.0,0.0,MISS,True,[213:318] 'The Reconstruction period after the Civil War brought significant political changes to ...' (unsupported); [866:958] 'The passage does not provide information about specific social effects on the United St...' (contradiction),39.37,35.92
225,14691,clean,0.0,0.0,0.0,MISS,True,"[739:750] 'on a canvas' (unsupported); [858:875] 'an antique finish' (unsupported); [934:965] 'to give the wood a vintage look' (unsupported); [1067:1097] 'a more subtle, aged appearance' (unsupported)",0.0,0.0,0.0,MISS,True,"[1059:1097] 'achieve a more subtle, aged appearance' (unsupported)",39.2,35.84
226,17397,clean,0.0,0.0,0.0,MISS,True,[65:79] 'tone the chest' (unsupported),100.0,100.0,100.0,OK,False,[none],39.17,35.84
227,17517,clean,0.0,0.0,0.0,MISS,True,[875:894] 'to prevent sticking' (unsupported),0.0,0.0,0.0,MISS,True,[875:895] 'to prevent sticking.' (unsupported),39.14,35.8
228,13488,clean,100.0,100.0,100.0,OK,False,[none],100.0,100.0,100.0,OK,False,[none],39.14,35.8
229,16507,clean,0.0,0.0,0.0,MISS,True,[69:97] 'despite exercising every day' (unsupported),100.0,100.0,100.0,OK,False,[none],39.09,35.8
230,12525,clean,0.0,0.0,0.0,MISS,True,[549:578] 'leeward side of the mountains' (unsupported),100.0,100.0,100.0,OK,False,[none],39.04,35.8
231,15195,hallucinated,100.0,71.82,83.6,OK,True,"[829:870] '""OTC"" (Off-Highway Motor Vehicle Account)' (unsupported); [1045:1083] 'the Michigan Liquor Control Commission' (unsupported)",0.0,0.0,0.0,MISS,False,[none],39.43,35.57
232,12432,clean,100.0,100.0,100.0,OK,False,[none],100.0,100.0,100.0,OK,False,[none],39.43,35.57
233,13743,clean,0.0,0.0,0.0,MISS,True,[197:241] 'through increased permeability of cell walls' (unsupported),100.0,100.0,100.0,OK,False,[none],39.35,35.57
234,16419,hallucinated,88.83,30.7,45.63,OK,True,"[199:233] 'Use the command ""Cone"" in GeoGebra' (unsupported); [287:322] 'cut off the top quarter of the cone' (unsupported); [323:348] 'using the ""Slice"" command' (unsupported); [435:474] 'match the dimensions given in Passage 1' (unsupported); [489:534] 'if the top diameter of the cone is 3.5 inches' (unsupported); [541:592] 'set the ""Top Slice Radius"" to 3.5 / 2 = 1.75 inches' (unsupported); ... +3 more",100.0,20.43,33.93,OK,True,"[199:253] 'Use the command ""Cone"" in GeoGebra to create the cone.' (unsupported); [287:322] 'cut off the top quarter of the cone' (unsupported); [541:592] 'set the ""Top Slice Radius"" to 3.5 / 2 = 1.75 inches' (unsupported); [750:827] 'use the ""ConicalSurface"" command to create the surface of the truncated cone.' (unsupported)",39.74,35.46
235,13309,clean,100.0,100.0,100.0,OK,False,[none],100.0,100.0,100.0,OK,False,[none],39.74,35.46
236,14846,hallucinated,85.26,36.82,51.43,OK,True,[685:734] 'adjust the cooking time or ingredient proportions' (unsupported); [774:791] 'any type of bread' (unsupported); [825:840] 'cheese or herbs' (unsupported); [390:404] 'brown too much' (unsupported),100.0,41.36,58.52,OK,True,[762:791] 'you can use any type of bread' (unsupported); [795:857] 'mix in other ingredients like cheese or herbs for extra flavor' (unsupported),39.89,35.84
237,15786,clean,0.0,0.0,0.0,MISS,True,[0:22] 'People born in October' (unsupported),0.0,0.0,0.0,MISS,True,[0:22] 'People born in October' (unsupported),39.86,35.8
238,13744,clean,0.0,0.0,0.0,MISS,True,[130:184] 'and allowing nutrients to be absorbed more efficiently' (unsupported); [228:249] 'in muscles and joints' (unsupported); [448:467] 'beyond these points' (contradiction),0.0,0.0,0.0,MISS,True,[130:184] 'and allowing nutrients to be absorbed more efficiently' (unsupported); [228:249] 'in muscles and joints' (unsupported); [342:365] 'including Co-enzyme Q10' (unsupported); [448:467] 'beyond these points' (contradiction),39.7,35.57
239,14742,clean,100.0,100.0,100.0,OK,False,[none],100.0,100.0,100.0,OK,False,[none],39.7,35.57
240,13071,clean,100.0,100.0,100.0,OK,False,[none],100.0,100.0,100.0,OK,False,[none],39.7,35.57
241,16633,clean,0.0,0.0,0.0,MISS,True,[23:44] 'necessary information' (unsupported),100.0,100.0,100.0,OK,False,[none],39.66,35.57
242,12445,clean,100.0,100.0,100.0,OK,False,[none],100.0,100.0,100.0,OK,False,[none],39.66,35.57
243,16147,clean,100.0,100.0,100.0,OK,False,[none],100.0,100.0,100.0,OK,False,[none],39.66,35.57
244,15203,clean,0.0,0.0,0.0,MISS,True,[426:456] 'typically larger than a crater' (unsupported),100.0,100.0,100.0,OK,False,[none],39.61,35.57
245,14131,hallucinated,39.13,100.0,56.25,OK,True,[37:59] 'a car parked on a hill' (unsupported); [61:88] 'a ball at the top of a ramp' (unsupported); [94:114] 'a satellite in orbit' (unsupported),0.0,0.0,0.0,MISS,False,[none],39.68,35.52
246,14291,clean,100.0,100.0,100.0,OK,False,[none],100.0,100.0,100.0,OK,False,[none],39.68,35.52
247,17056,clean,100.0,100.0,100.0,OK,False,[none],100.0,100.0,100.0,OK,False,[none],39.68,35.52
248,15481,clean,0.0,0.0,0.0,MISS,True,[331:364] 'continues to use third-party apps' (unsupported),100.0,100.0,100.0,OK,False,[none],39.62,35.52
249,15552,clean,100.0,100.0,100.0,OK,False,[none],100.0,100.0,100.0,OK,False,[none],39.62,35.52
250,12333,clean,0.0,0.0,0.0,MISS,True,"[350:412] 'do not necessarily mean that the coworker is flirting with you' (unsupported); [418:496] ""it's always best to communicate directly with them to clarify their intentions"" (unsupported); [530:626] ""respect boundaries and avoid making assumptions about someone's intentions without thei..."" (unsupported)",0.0,0.0,0.0,MISS,True,[115:210] 'Physical contact that eludes to sexual activity or can be misconstrued as fondling (Pas...' (unsupported); [214:253] 'Staring at you excessively (Passage 2).' (unsupported),39.23,35.27
251,16635,clean,0.0,0.0,0.0,MISS,True,"[632:675] 'by right-clicking it and selecting ""Remove""' (unsupported); [941:1038] 'there is no specific instruction on how to force the removal of a printer if the above ...' (contradiction); [1142:1183] 'Unable to answer based on given passages.' (unsupported)",100.0,100.0,100.0,OK,False,[none],38.94,35.27
252,14847,clean,100.0,100.0,100.0,OK,False,[none],100.0,100.0,100.0,OK,False,[none],38.94,35.27
253,13492,clean,0.0,0.0,0.0,MISS,True,[340:344] 'bait' (unsupported); [458:484] 'retrieved by the fisherman' (unsupported); [664:688] 'abandoned or become lost' (unsupported),100.0,100.0,100.0,OK,False,[none],38.85,35.27
254,14009,clean,100.0,100.0,100.0,OK,False,[none],100.0,100.0,100.0,OK,False,[none],38.85,35.27
255,14752,clean,0.0,0.0,0.0,MISS,True,"[795:890] 'Therefore, to arrange an Excel sheet alphabetically, you can use either method describe...' (unsupported)",100.0,100.0,100.0,OK,False,[none],38.7,35.27
256,12603,clean,0.0,0.0,0.0,MISS,True,[169:175] 'Reaper' (contradiction),0.0,0.0,0.0,MISS,True,"[168:192] '""Reaper; from Therasia.""' (unsupported)",38.69,35.23
257,15712,hallucinated,34.56,100.0,51.36,OK,True,"[475:588] 'Passage 3 does not provide any information related to the difference between sirloin st...' (unsupported); [590:804] 'Therefore, the main difference between sirloin steak and porterhouse steak is the size ...' (unsupported)",0.0,0.0,0.0,MISS,False,[none],38.91,35.02
258,16883,hallucinated,0.0,0.0,0.0,OK,True,[298:316] 'well-draining soil' (unsupported); [318:339] 'about 4-6 inches deep' (contradiction),0.0,0.0,0.0,OK,True,[318:339] 'about 4-6 inches deep' (unsupported),38.79,34.92
259,13367,hallucinated,0.0,0.0,0.0,OK,True,[789:873] 'use a gentle wine cleaner or decanter to remove the stains before washing the glass.' (unsupported),0.0,0.0,0.0,OK,True,[789:873] 'use a gentle wine cleaner or decanter to remove the stains before washing the glass.' (unsupported),38.55,34.64
260,16798,hallucinated,87.5,17.37,28.99,OK,True,[241:278] 'increase metabolism and burn calories' (unsupported); [628:661] 'including vitamin C and potassium' (unsupported); [489:499] 'and stroke' (unsupported),36.2,19.85,25.64,OK,True,"[204:278] 'due to their spicy nature, which can increase metabolism and burn calories' (unsupported); [433:547] 'Jalapenos may help prevent heart disease, heart attack, and stroke by improving cardiov...' (unsupported); [628:661] 'including vitamin C and potassium' (unsupported)",38.37,34.36
261,11908,hallucinated,25.0,69.33,36.75,OK,True,"[281:333] 'in Mississippi ($18.60 per hour or $38,900 per year)' (unsupported); [554:628] 'do not provide specific information on how automotive technicians get paid' (contradiction); [629:654] 'or their typical salaries' (contradiction); [672:729] 'unable to answer the question based on the given passages' (contradiction)",46.01,100.0,63.03,OK,True,"[258:334] 'the lowest average pay in Mississippi ($18.60 per hour or $38,900 per year).' (unsupported); [541:628] 'the passages do not provide specific information on how automotive technicians get paid' (unsupported)",38.35,34.69
262,15345,hallucinated,75.8,93.79,83.84,OK,True,[213:266] 'allowing them to disconnect from their daily routines' (unsupported); [855:893] 'Building muscle strength and endurance' (unsupported); [896:930] 'Improving balance and coordination' (unsupported); [933:961] 'Enhancing cognitive function' (unsupported); [964:1030] 'Reducing the risk of chronic diseases such as obesity and diabetes' (unsupported),0.0,0.0,0.0,MISS,False,[none],39.04,34.39
263,14284,hallucinated,13.79,26.67,18.18,OK,True,[86:106] 'cannot be determined' (unsupported); [241:309] 'do not provide an overall average cost for installing a second floor' (unsupported); [327:384] 'unable to answer the question based on the given passages' (unsupported),100.0,26.67,42.11,OK,True,[86:106] 'cannot be determined' (unsupported),38.87,34.43
264,13465,clean,100.0,100.0,100.0,OK,False,[none],100.0,100.0,100.0,OK,False,[none],38.87,34.43
265,15175,clean,100.0,100.0,100.0,OK,False,[none],100.0,100.0,100.0,OK,False,[none],38.87,34.43
266,14890,clean,0.0,0.0,0.0,MISS,True,[29:140] 'it is not possible to find deleted pictures on an iPhone through the Messages app or an...' (contradiction); [276:356] 'do not mention anything about recovering deleted pictures from the iPhone itself' (contradiction); [531:572] 'Unable to answer based on given passages.' (contradiction),0.0,0.0,0.0,MISS,True,[29:141] 'it is not possible to find deleted pictures on an iPhone through the Messages app or an...' (contradiction); [252:357] 'passage 2 and passage 3 do not mention anything about recovering deleted pictures from ...' (contradiction),38.53,34.07
267,13131,clean,0.0,0.0,0.0,MISS,True,"[791:832] 'Unable to answer based on given passages.' (contradiction); [833:941] 'The passages do not provide information on how to soften other types of sugar, such as ...' (unsupported)",100.0,100.0,100.0,OK,False,[none],38.31,34.07
268,14717,hallucinated,42.86,21.3,28.46,OK,True,"[459:507] 'these are not the only foods that contain gluten' (unsupported); [586:622] 'sauces, gravies, and processed meats' (unsupported)",100.0,47.93,64.8,OK,True,"[542:623] 'Other foods that may contain gluten include sauces, gravies, and processed meats.' (unsupported)",38.22,34.43
269,15778,clean,0.0,0.0,0.0,MISS,True,[419:428] 'Passage 3' (unsupported),100.0,100.0,100.0,OK,False,[none],38.21,34.43
270,16452,clean,100.0,100.0,100.0,OK,False,[none],100.0,100.0,100.0,OK,False,[none],38.21,34.43
271,13162,hallucinated,100.0,39.11,56.23,OK,True,[882:909] 'standard-sized roasting pan' (unsupported); [935:987] 'the cooking time may need to be adjusted accordingly' (unsupported),100.0,52.97,69.26,OK,True,[803:910] 'these instructions assume that the prime rib roast is small enough to fit in a standard...' (unsupported),38.39,34.94
272,14513,clean,0.0,0.0,0.0,MISS,True,[4:105] 'main difference between ad hominem fallacy and poisoning the well fallacy is the timing...' (unsupported); [359:406] 'ad hominem fallacy is a reaction to an argument' (unsupported),100.0,100.0,100.0,OK,False,[none],38.19,34.94
273,14502,clean,100.0,100.0,100.0,OK,False,[none],100.0,100.0,100.0,OK,False,[none],38.19,34.94
274,17755,clean,100.0,100.0,100.0,OK,False,[none],100.0,100.0,100.0,OK,False,[none],38.19,34.94
275,12219,hallucinated,35.09,100.0,51.95,OK,True,[313:337] 'fold a quilt into thirds' (unsupported); [923:972] 'folding it in thirds along the bias of the fabric' (unsupported); [975:1035] 'Passage 3 does not provide instructions for folding a quilt.' (contradiction); [1161:1199] 'in thirds along the bias of the fabric' (unsupported),29.27,100.0,45.28,OK,True,"[138:209] 'However, it does not provide instructions for folding the quilt itself.' (contradiction); [210:284] 'Therefore, I am unable to answer the question based on this passage alone.' (contradiction); [975:1035] 'Passage 3 does not provide instructions for folding a quilt.' (contradiction)",38.3,35.07
276,17566,clean,0.0,0.0,0.0,MISS,True,"[135:142] ""today's"" (unsupported)",100.0,100.0,100.0,OK,False,[none],38.29,35.07
277,17197,clean,0.0,0.0,0.0,MISS,True,[55:81] 'does not directly increase' (unsupported),0.0,0.0,0.0,MISS,True,[29:101] 'watching Snapchat stories does not directly increase your Snapchat score' (unsupported),38.25,34.95
278,16880,clean,0.0,0.0,0.0,MISS,True,[295:323] 'thoroughly wash the potatoes' (unsupported),0.0,0.0,0.0,MISS,True,[295:323] 'thoroughly wash the potatoes' (unsupported),38.22,34.9
279,17117,clean,0.0,0.0,0.0,MISS,True,"[359:385] 'materials, and labor costs' (unsupported)",0.0,0.0,0.0,MISS,True,[43:175] 'The passages provided do not contain specific information about the cost of replacing s...' (unsupported),38.18,34.69
280,13716,clean,100.0,100.0,100.0,OK,False,[none],100.0,100.0,100.0,OK,False,[none],38.18,34.69
281,12602,hallucinated,100.0,62.5,76.92,OK,True,[360:410] 'Italian meaning of Teresa is not explicitly stated' (contradiction),100.0,88.75,94.04,OK,True,[356:427] 'the Italian meaning of Teresa is not explicitly stated in the passages.' (contradiction),38.36,35.1
282,15791,clean,0.0,0.0,0.0,MISS,True,[66:88] 'people born in October' (unsupported),100.0,100.0,100.0,OK,False,[none],38.33,35.1
283,17058,clean,0.0,0.0,0.0,MISS,True,[422:475] 'do not mention any side effects of drinking clove tea' (unsupported),100.0,100.0,100.0,OK,False,[none],38.26,35.1
284,14802,clean,100.0,100.0,100.0,OK,False,[none],100.0,100.0,100.0,OK,False,[none],38.26,35.1
285,13294,clean,0.0,0.0,0.0,MISS,True,[164:181] 'most common cause' (unsupported); [577:605] 'often following prior trauma' (unsupported),100.0,100.0,100.0,OK,False,[none],38.2,35.1
286,14198,clean,0.0,0.0,0.0,MISS,True,[312:364] 'without having to wait for it to circulate naturally' (unsupported),100.0,100.0,100.0,OK,False,[none],38.13,35.1
287,16117,clean,100.0,100.0,100.0,OK,False,[none],100.0,100.0,100.0,OK,False,[none],38.13,35.1
288,12102,clean,0.0,0.0,0.0,MISS,True,"[365:386] ""If this doesn't work,"" (unsupported)",100.0,100.0,100.0,OK,False,[none],38.1,35.1
289,15787,clean,0.0,0.0,0.0,MISS,True,[29:51] 'people born in October' (unsupported); [206:285] 'They are also described as craving stability and security and being hardworking' (unsupported),0.0,0.0,0.0,MISS,True,[29:109] 'people born in October are described as having an interest in form and structure' (unsupported); [111:133] 'being success-oriented' (unsupported); [170:204] 'possessing necessary people skills' (unsupported); [233:263] 'craving stability and security' (unsupported); [268:285] 'being hardworking' (unsupported),37.96,34.81
290,13468,clean,0.0,0.0,0.0,MISS,True,"[675:711] 'mild temperatures, moderate rainfall' (unsupported)",100.0,100.0,100.0,OK,False,[none],37.91,34.81
291,12458,hallucinated,91.89,100.0,95.77,OK,True,[202:239] 'an average annual temperature of 61°F' (unsupported),80.95,100.0,89.47,OK,True,[197:239] 'with an average annual temperature of 61°F' (unsupported),38.06,35.0
292,14761,clean,0.0,0.0,0.0,MISS,True,[53:79] 'not specifically mentioned' (contradiction); [120:136] 'unable to answer' (contradiction),100.0,100.0,100.0,OK,False,[none],38.0,35.0
293,12619,clean,100.0,100.0,100.0,OK,False,[none],100.0,100.0,100.0,OK,False,[none],38.0,35.0
294,12260,hallucinated,100.0,91.18,95.38,OK,True,[301:330] 'Click on the Application tab.' (unsupported); [334:377] 'Scroll down to the Default browser section.' (unsupported); [381:432] 'Select Firefox from the list of installed browsers.' (unsupported); [436:468] 'Click the Set as default button.' (unsupported),100.0,91.18,95.38,OK,True,[301:330] 'Click on the Application tab.' (unsupported); [334:377] 'Scroll down to the Default browser section.' (unsupported); [381:432] 'Select Firefox from the list of installed browsers.' (unsupported); [436:468] 'Click the Set as default button.' (unsupported),38.65,35.87
295,13312,clean,100.0,100.0,100.0,OK,False,[none],100.0,100.0,100.0,OK,False,[none],38.65,35.87
296,13129,clean,100.0,100.0,100.0,OK,False,[none],100.0,100.0,100.0,OK,False,[none],38.65,35.87
297,13718,clean,100.0,100.0,100.0,OK,False,[none],100.0,100.0,100.0,OK,False,[none],38.65,35.87
298,14098,hallucinated,25.0,95.24,39.6,OK,True,[232:239] 'usually' (unsupported); [490:518] 'how much fertilizer to apply' (unsupported); [571:594] 'to ensure even coverage' (unsupported); [743:757] 'was sufficient' (unsupported); [781:789] 'may have' (unsupported),0.0,0.0,0.0,MISS,False,[none],38.66,35.84
299,14749,clean,100.0,100.0,100.0,OK,False,[none],100.0,100.0,100.0,OK,False,[none],38.66,35.84
300,15649,clean,100.0,100.0,100.0,OK,False,[none],0.0,0.0,0.0,MISS,True,[437:483] 'equivalent to the regular pension contribution' (unsupported),38.66,35.76
301,12070,clean,100.0,100.0,100.0,OK,False,[none],100.0,100.0,100.0,OK,False,[none],38.66,35.76
302,15272,clean,100.0,100.0,100.0,OK,False,[none],100.0,100.0,100.0,OK,False,[none],38.66,35.76
303,13133,clean,0.0,0.0,0.0,MISS,True,[85:93] 'airtight' (unsupported); [240:254] 'should be soft' (unsupported),100.0,100.0,100.0,OK,False,[none],38.63,35.76
304,12443,clean,0.0,0.0,0.0,MISS,True,[747:784] 'it is essential to wear rubber gloves' (unsupported),100.0,100.0,100.0,OK,False,[none],38.58,35.76
305,17395,clean,0.0,0.0,0.0,MISS,True,[30:44] 'tone the chest' (unsupported),100.0,100.0,100.0,OK,False,[none],38.56,35.76
306,16849,clean,100.0,100.0,100.0,OK,False,[none],100.0,100.0,100.0,OK,False,[none],38.56,35.76
307,13442,hallucinated,100.0,51.61,68.09,OK,True,[197:245] 'using a high-pressure hose can also be effective' (contradiction),67.88,100.0,80.87,OK,True,"[197:289] 'using a high-pressure hose can also be effective depending on the type and size of the ...' (contradiction); [153:290] 'Additionally, applying a poultice method or using a high-pressure hose can also be effe...' (contradiction)",38.7,36.22
308,12556,clean,0.0,0.0,0.0,MISS,True,[163:177] 'to the company' (unsupported); [421:550] 'only refer to the transfer of Water Stock Certificates and do not provide information o...' (unsupported); [637:692] 'I would be unable to answer based on the given passages' (unsupported),0.0,0.0,0.0,MISS,True,[408:475] 'the passages only refer to the transfer of Water Stock Certificates' (unsupported); [480:550] 'do not provide information on other types of water rights or transfers' (unsupported); [480:551] 'do not provide information on other types of water rights or transfers.' (unsupported),38.44,36.0
309,14352,clean,100.0,100.0,100.0,OK,False,[none],100.0,100.0,100.0,OK,False,[none],38.44,36.0
310,14712,clean,100.0,100.0,100.0,OK,False,[none],100.0,100.0,100.0,OK,False,[none],38.44,36.0
311,15789,clean,0.0,0.0,0.0,MISS,True,[53:91] 'associated with people born in October' (unsupported); [319:368] 'may not apply to every individual born in October' (unsupported); [523:582] 'not scientifically proven methods of predicting personality' (unsupported),0.0,0.0,0.0,MISS,True,"[141:204] 'Success-oriented, charming, and personally powerful individuals' (unsupported); [513:582] 'which are not scientifically proven methods of predicting personality' (unsupported)",38.25,35.79
312,14468,clean,0.0,0.0,0.0,MISS,True,[412:446] 'rather than immigration as a whole' (contradiction),0.0,0.0,0.0,MISS,True,[459:528] 'an accurate answer cannot be provided based solely on these passages.' (contradiction),38.2,35.69
313,13562,clean,100.0,100.0,100.0,OK,False,[none],100.0,100.0,100.0,OK,False,[none],38.2,35.69
314,12471,hallucinated,0.0,0.0,0.0,OK,True,[276:343] 'Transfer the audiobook from OverDrive for Windows to your computer.' (unsupported),0.0,0.0,0.0,MISS,False,[none],37.96,35.51
315,14395,clean,100.0,100.0,100.0,OK,False,[none],100.0,100.0,100.0,OK,False,[none],37.96,35.51
316,16118,clean,100.0,100.0,100.0,OK,False,[none],100.0,100.0,100.0,OK,False,[none],37.96,35.51
317,16666,clean,0.0,0.0,0.0,MISS,True,[299:312] 'work remotely' (unsupported); [415:440] 'created new opportunities' (unsupported),100.0,100.0,100.0,OK,False,[none],37.91,35.51
318,13232,clean,0.0,0.0,0.0,MISS,True,[362:399] 'on the connecting sides of the frames' (unsupported); [483:502] 'to ensure stability' (unsupported),100.0,100.0,100.0,OK,False,[none],37.84,35.51
319,15105,clean,0.0,0.0,0.0,MISS,True,"[674:715] 'Unable to answer based on given passages.' (unsupported); [716:936] 'The passages do not provide information on how to clean other types of jewelry, such as...' (unsupported)",100.0,100.0,100.0,OK,False,[none],37.51,35.51
320,14509,clean,100.0,100.0,100.0,OK,False,[none],100.0,100.0,100.0,OK,False,[none],37.51,35.51
321,14507,clean,0.0,0.0,0.0,MISS,True,[291:312] 'attract new customers' (unsupported); [739:755] 'and higher sales' (unsupported); [757:832] 'ultimately contributing to the long-term success and growth of the business' (unsupported),100.0,100.0,100.0,OK,False,[none],37.37,35.51
322,17284,clean,100.0,100.0,100.0,OK,False,[none],100.0,100.0,100.0,OK,False,[none],37.37,35.51
323,14196,clean,100.0,100.0,100.0,OK,False,[none],100.0,100.0,100.0,OK,False,[none],37.37,35.51
324,12103,clean,100.0,100.0,100.0,OK,False,[none],100.0,100.0,100.0,OK,False,[none],37.37,35.51
325,12459,hallucinated,44.44,100.0,61.54,OK,True,[238:276] 'average annual snowfall of 15.3 inches' (unsupported); [344:387] 'moderate climate with four distinct seasons' (unsupported); [809:850] 'Unable to answer based on given passages.' (contradiction); [977:999] 'frequency of heatwaves' (unsupported),74.42,100.0,85.33,OK,True,[235:276] 'an average annual snowfall of 15.3 inches' (unsupported); [342:387] 'a moderate climate with four distinct seasons' (unsupported),37.53,35.82
326,15347,clean,0.0,0.0,0.0,MISS,True,[299:340] 'Unable to answer based on given passages.' (unsupported),0.0,0.0,0.0,MISS,True,[299:340] 'Unable to answer based on given passages.' (contradiction),37.48,35.76
327,13491,clean,100.0,100.0,100.0,OK,False,[none],100.0,100.0,100.0,OK,False,[none],37.48,35.76
328,16506,clean,100.0,100.0,100.0,OK,False,[none],100.0,100.0,100.0,OK,False,[none],37.48,35.76
329,12520,clean,0.0,0.0,0.0,MISS,True,[467:503] 'plays a crucial role in coordinating' (unsupported),0.0,0.0,0.0,MISS,True,[401:446] 'removes carbon dioxide from the other systems' (unsupported); [448:543] 'The nervous system plays a crucial role in coordinating the functions of all the other ...' (unsupported),37.44,35.55
330,16357,clean,0.0,0.0,0.0,MISS,True,[154:170] 'of the 1040 form' (unsupported),100.0,100.0,100.0,OK,False,[none],37.42,35.55
